{
  "verification_times": [
    0.09608125686645508,
    2.9087066650390625e-05,
    2.2172927856445312e-05,
    2.09808349609375e-05,
    2.09808349609375e-05,
    0.005697011947631836,
    2.288818359375e-05,
    2.09808349609375e-05,
    1.9788742065429688e-05,
    2.002716064453125e-05,
    0.005049705505371094,
    2.5033950805664062e-05,
    2.2172927856445312e-05,
    1.9788742065429688e-05,
    1.8835067749023438e-05,
    0.005864858627319336,
    2.288818359375e-05,
    2.002716064453125e-05,
    1.9073486328125e-05,
    1.811981201171875e-05,
    0.006870746612548828,
    8.821487426757812e-05,
    6.67572021484375e-05,
    4.792213439941406e-05,
    4.673004150390625e-05,
    0.006264925003051758,
    2.4080276489257812e-05,
    2.09808349609375e-05,
    2.09808349609375e-05,
    1.9073486328125e-05
  ],
  "repair_times": [],
  "success_rate": 0.16666666666666666,
  "inconsistency_detection_rate": 0.0,
  "repair_success_rate": 0,
  "by_category": {
    "direct_contradiction": {
      "verification_times": [
        0.09608125686645508,
        2.9087066650390625e-05,
        2.2172927856445312e-05,
        2.09808349609375e-05,
        2.09808349609375e-05,
        0.005697011947631836,
        2.288818359375e-05,
        2.09808349609375e-05,
        1.9788742065429688e-05,
        2.002716064453125e-05
      ],
      "repair_times": [],
      "success_rate": 0.0,
      "detection_rate": 0.0,
      "repair_success_rate": 0,
      "count": 10
    },
    "consistent": {
      "verification_times": [
        0.005049705505371094,
        2.5033950805664062e-05,
        2.2172927856445312e-05,
        1.9788742065429688e-05,
        1.8835067749023438e-05
      ],
      "repair_times": [],
      "success_rate": 1.0,
      "detection_rate": 0.0,
      "repair_success_rate": 0,
      "count": 5
    },
    "complex_implication": {
      "verification_times": [
        0.005864858627319336,
        2.288818359375e-05,
        2.002716064453125e-05,
        1.9073486328125e-05,
        1.811981201171875e-05
      ],
      "repair_times": [],
      "success_rate": 0.0,
      "detection_rate": 0.0,
      "repair_success_rate": 0,
      "count": 5
    },
    "quantifier_reasoning": {
      "verification_times": [
        0.006870746612548828,
        8.821487426757812e-05,
        6.67572021484375e-05,
        4.792213439941406e-05,
        4.673004150390625e-05
      ],
      "repair_times": [],
      "success_rate": 0.0,
      "detection_rate": 0.0,
      "repair_success_rate": 0,
      "count": 5
    },
    "logical_fallacy": {
      "verification_times": [
        0.006264925003051758,
        2.4080276489257812e-05,
        2.09808349609375e-05,
        2.09808349609375e-05,
        1.9073486328125e-05
      ],
      "repair_times": [],
      "success_rate": 0.0,
      "detection_rate": 0.0,
      "repair_success_rate": 0,
      "count": 5
    }
  },
  "avg_verification_time": 0.004216869672139485,
  "std_verification_time": 0.017495795265505754
}